<?xml version="1.0" encoding="utf-8"?>
<feed xmlns="http://www.w3.org/2005/Atom"
    xmlns:rdf="http://www.w3.org/1999/02/22-rdf-syntax-ns#"
    xmlns:leap2="http://terms.leapspecs.org/"
    xmlns:categories="http://wiki.leapspecs.org/2A/categories/"
    xmlns:portfolio="https://eportfolio.u-pec.fr/export/leap/3589/1663690122/"
    xmlns:mahara="http://wiki.mahara.org/Developer_Area/Import%2F%2FExport/LEAP_Extensions#"
>
    <leap2:version>http://www.leapspecs.org/2010-07/2A/</leap2:version>
    <id>https://eportfolio.u-pec.fr/export/3589/1663690122</id>
    <title>Mahara Leap2A Export for Hamza AFANTROUSS, 20/09/2022 18:08</title>
    <updated>2022-09-20T18:06:42+02:00</updated>
    <generator uri="https://mahara.org/" version="2008122400">Mahara</generator>
    <author>
        <name>Hamza AFANTROUSS</name>
        <email>hamza.afantrouss@etu.u-pec.fr</email>
        <uri>portfolio:artefactinternal</uri>
    </author>

    <entry>
        <title>Profile page</title>
        <id>portfolio:view30787</id>

        <updated>2022-09-20T16:04:34+02:00</updated>
        <published>2022-09-20T16:04:15+02:00</published>

        <summary type="xhtml"><div xmlns="http://www.w3.org/1999/xhtml"><div>Your profile page is what others see when they click on your name or profile picture.</div></div></summary>

   <subtitle type="xhtml"><div xmlns="http://www.w3.org/1999/xhtml"><div></div></div></subtitle>
        <content type="xhtml"><div xmlns="http://www.w3.org/1999/xhtml"><div><div id="user_block_131965"><div class="bt-profileinfo gridstackblock card card-secondary card-regular clearfix" id="user_blockinstance_131965">
    
    
    
        <h2 class="title card-header js-heading">
            

            <span class="collapse-inline">
                About me
                
            </span>

            

        </h2>
    

    <div class="block" id="user_blockinstance_131965_target">
        
        
            
    
    <div class="card-body flush">
    
    
    
    
        <ul class="unstyled profile-info">
        
            <li><strong>Prénom:</strong> Hamza</li>
        
            <li><strong>Nom:</strong> AFANTROUSS</li>
        
            <li><strong>Identifiant étudiant:</strong> u32206716</li>
        
            <li><strong>Nom préféré:</strong> Hamza Afantrouss</li>
        
        </ul>
    
    
    
    
    </div>
    


        
    </div>
</div>
</div><div id="user_block_131967"><div class="bt-myfriends gridstackblock card card-secondary clearfix" id="user_blockinstance_131967">
    
    
    
        <h2 class="title card-header js-heading">
            

            <span class="collapse-inline">
                Mes contacts
                
            </span>

            

        </h2>
    

    <div class="block" id="user_blockinstance_131967_target">
        
        
            <div class="friends card-body">

    
        <div class="text-center">
            Essayez la <a href="https://eportfolio.u-pec.fr/user/index.php">recherche de contacts </a> pour étendre votre réseau !
        </div>
    

</div>

        
    </div>
</div>
</div><div id="user_block_131968"><div class="bt-wall gridstackblock card card-secondary clearfix" id="user_blockinstance_131968">
    
    
    
        <h2 class="title card-header js-heading">
            

            <span class="collapse-inline">
                Mur
                
            </span>

            

        </h2>
    

    <div class="block" id="user_blockinstance_131968_target">
        
        
            
<div class="form-group requiredmarkerdesc d-none">Les rubriques avec un « * » doivent être saisies.</div><div id="user_wallpost_131968_postsizelimit_container" class="metadata html form-group">Au maximum 1500 caractères par message.</div>
<div id="user_wallpost_131968_text_container" class="html required wysiwyg form-group">Envoyer <span class="requiredmarker">*</span></div>
<div id="user_wallpost_131968_private_container" class="switchbox form-group">Rendre votre message privé ?<div class="form-switch">
    <div class="switch">
        

        
            <span class="switch-inner"></span>
            <span class="switch-indicator"></span>
            <span class="state-label on">Oui</span>
            <span class="state-label off">Non</span>
        
    </div>
    
</div>
</div>
<div id="user_wallpost_131968_submit_container" class="primary submit form-group"></div>






<div id="user_wall" class="wall list-group list-group-lite list-group-top-border">
    
    
        
            <div class="list-group-item list-group-item-private wallpost">
                <div class="usericon-heading flex-row">
                    <div class="flex-title flex-row">
                        <span class="user-icon user-icon-30 float-left">
                            <a href="https://eportfolio.u-pec.fr/user/view.php?id=3587"><img src="https://eportfolio.u-pec.fr/theme/raw/images/no_userphoto30.png" alt="Image du profil de Samuel Babaka" /></a>
                        </span>
                        <div class="flex-title"><h3 class="list-group-item-heading text-inline"><a href="https://eportfolio.u-pec.fr/user/view.php?id=3587">Samuel Babaka</a><br /><span class="postedon text-small text-midtone">20 September 2022, 17:42</span></h3></div>
                    </div>
                    
                    <div class="flex-controls">
                        <div class="btn-group btn-group-top comment-item-buttons">
                            <a href="https://eportfolio.u-pec.fr/blocktype/wall/deletepost.php?postid=614&amp;return=profile" class="btn btn-secondary btn-sm btn-group-item form-as-button float-left">
                                <span class="icon icon-trash-alt text-danger"></span>
                                <span class="sr-only">Supprimer message</span>
                            </a>
                        </div>
                    </div>
                    
                </div>

                <div class="wallpost-text push-left-for-usericon">
                    <p>Bonjour Hamza</p>
                    <div class="metadata">
                    <em class="privatemessage">Ce message sur le mur est privé</em>
                    </div>
                </div>

            </div>
        
    
</div>

    <a href="https://eportfolio.u-pec.fr/blocktype/wall/wall.php?id=131968" class="detail-link link-blocktype"><span class="icon icon-arrow-circle-right"></span> Voir tout le mur</a>


        
    </div>
</div>
</div><div id="user_block_131969"><div class="bt-myviews gridstackblock card card-secondary clearfix" id="user_blockinstance_131969">
    
    
    
        <h2 class="title card-header js-heading">
            

            <span class="collapse-inline">
                Mes portfolios
                
            </span>

            

        </h2>
    

    <div class="block" id="user_blockinstance_131969_target">
        
        
            
    <div class="list-group">
        <div id="user_myviewlist">
            
    <div class="list-group-item flush">
        <h3 class="title list-group-item-heading text-inline">
            <a href="https://eportfolio.u-pec.fr/view/view.php?id=30800">Découverte de Mahara</a>
        </h3>

        

        
        <div class="list-group-item-text text-small">
            Mes premiers pas sur Mahara - première séance de la SEA 14
        </div>
        

        
    </div>

    <div class="list-group-item flush">
        <h3 class="title list-group-item-heading text-inline">
            <a href="https://eportfolio.u-pec.fr/view/view.php?id=30827">Mes premiers pas</a>
        </h3>

        

        

        
    </div>


        </div>
    
        <div id="user_myviews_page_container" class="d-none"><div id="user_myviews_pagination" class="pagination-wrapper center"><div class="lead text-small results float-right">2 résultats</div></div></div>
    
    
    
    
    </div>


        
    </div>
</div>
</div><div id="user_block_131966"><div class="bt-mygroups gridstackblock card card-secondary clearfix" id="user_blockinstance_131966">
    
    
    
        <h2 class="title card-header js-heading">
            

            <span class="collapse-inline">
                Mes groupes
                
            </span>

            

        </h2>
    

    <div class="block" id="user_blockinstance_131966_target">
        
        
            
    <div class="card-body">
        <p class="no-results-small">Affilié à aucun groupe</p>
    </div>


        
    </div>
</div>
</div></div></div></content>
        <rdf:type rdf:resource="leap2:selection"/>

        <link rel="leap2:has_part" href="portfolio:artefact86370"/>
        <link rel="leap2:has_part" href="portfolio:artefact86371"/>
        <link rel="leap2:has_part" href="portfolio:artefact86372"/>
        <link rel="leap2:has_part" href="portfolio:artefact86373"/>


        <category term="Webpage" scheme="categories:selection_type#"/>





        <mahara:view mahara:newlayout="1" mahara:type="profile" mahara:ownerformat="6">
        
            
            <mahara:blockinstance mahara:blocktype="profileinfo" mahara:blocktitle="About me" mahara:positionx="0" mahara:positiony="0" mahara:height="12" mahara:width="6">
                
                    
                    <mahara:fields>[[&quot;firstname&quot;,&quot;lastname&quot;,&quot;studentid&quot;,&quot;preferredname&quot;]]</mahara:fields>
                    
                
                
                
            </mahara:blockinstance>
            
            <mahara:blockinstance mahara:blocktype="myfriends" mahara:blocktitle="" mahara:positionx="6" mahara:positiony="0" mahara:height="9" mahara:width="6">
                
                
                
            </mahara:blockinstance>
            
            <mahara:blockinstance mahara:blocktype="wall" mahara:blocktitle="" mahara:positionx="6" mahara:positiony="9" mahara:height="12" mahara:width="6">
                
                
                
            </mahara:blockinstance>
            
            <mahara:blockinstance mahara:blocktype="myviews" mahara:blocktitle="" mahara:positionx="0" mahara:positiony="12" mahara:height="5" mahara:width="6">
                
                
                
            </mahara:blockinstance>
            
            <mahara:blockinstance mahara:blocktype="mygroups" mahara:blocktitle="" mahara:positionx="0" mahara:positiony="17" mahara:height="12" mahara:width="6">
                
                
                
            </mahara:blockinstance>
            
        
        </mahara:view>
    </entry>

    <entry>
        <title>Dashboard page</title>
        <id>portfolio:view30788</id>

        <updated>2022-09-20T16:04:15+02:00</updated>
        <published>2022-09-20T16:04:15+02:00</published>

        <summary type="xhtml"><div xmlns="http://www.w3.org/1999/xhtml"><div></div></div></summary>

   <subtitle type="xhtml"><div xmlns="http://www.w3.org/1999/xhtml"><div></div></div></subtitle>
        <content type="xhtml"><div xmlns="http://www.w3.org/1999/xhtml"><div><div id="user_block_131973"><div class="bt-newviews gridstackblock card card-secondary clearfix" id="user_blockinstance_131973">
    
    
    
        <h2 class="title card-header js-heading">
            

            <span class="collapse-inline">
                Portfolios partagés avec moi
                
            </span>

            

        </h2>
    

    <div class="block" id="user_blockinstance_131973_target">
        
        
            
<div class="card-body">
    <p class="lead text-small">Aucunes pages ni collections</p>
</div>


        
    </div>
</div>
</div><div id="user_block_131971"><div class="bt-inbox gridstackblock card card-secondary clearfix" id="user_blockinstance_131971">
    
    
    
        <h2 class="title card-header js-heading">
            

            <span class="collapse-inline">
                Boîte de réception
                
            </span>

            

        </h2>
    

    <div class="block" id="user_blockinstance_131971_target">
        
        
            
    <div id="user_inboxblock" class="inboxblock list-group">
        
        <div class="collapsible list-group-item flush-collapsible">
            
                <h3 class="title list-group-item-heading"><a class="collapsed link-block" href="#message_content_wallpost_53250">
                    
                        <span class="icon icon-wall text-default left"></span>
                    
                    <span class="sr-only">Messages du mur</span>
                    <span class="subject">Nouveau message sur votre mur</span>
                    <span class="icon icon-chevron-down collapse-indicator float-right"></span>
                </a></h3>
            
            <div class="collapse" id="user_message_content_wallpost_53250">
                
                    <p class="content-text">Bonjour Hamza</p>
                    
                        <a href="blocktype/wall/wall.php?id=131968" class="text-small">
                            Voir tout le mur <span class="icon icon-arrow-right mls icon-sm"></span>
                        </a>
                    
                    
                
            </div>
        </div>
        
        <div class="collapsible list-group-item flush-collapsible">
            
                <h3 class="title list-group-item-heading"><a class="collapsed link-block" href="#message_content_maharamessage_53232">
                    
                        <span class="icon icon-wrench text-default left"></span>
                    
                    <span class="sr-only">Messages système</span>
                    <span class="subject">Confirmation d'affiliation à une institution</span>
                    <span class="icon icon-chevron-down collapse-indicator float-right"></span>
                </a></h3>
            
            <div class="collapse" id="user_message_content_maharamessage_53232">
                
                    <p class="content-text">Vous êtes maintenant membre de UPEC.</p>
                    
                    
                
            </div>
        </div>
        
    </div>
    
    


        
    </div>
</div>
</div><div id="user_block_131972"><div class="bt-myviews gridstackblock card card-secondary clearfix" id="user_blockinstance_131972">
    
    
    
        <h2 class="title card-header js-heading">
            

            <span class="collapse-inline">
                Mes portfolios
                
            </span>

            

        </h2>
    

    <div class="block" id="user_blockinstance_131972_target">
        
        
            
    <div class="list-group">
        <div id="user_myviewlist">
            
    <div class="list-group-item flush">
        <h3 class="title list-group-item-heading text-inline">
            <a href="https://eportfolio.u-pec.fr/view/view.php?id=30800">Découverte de Mahara</a>
        </h3>

        

        
        <div class="list-group-item-text text-small">
            Mes premiers pas sur Mahara - première séance de la SEA 14
        </div>
        

        
    </div>

    <div class="list-group-item flush">
        <h3 class="title list-group-item-heading text-inline">
            <a href="https://eportfolio.u-pec.fr/view/view.php?id=30827">Mes premiers pas</a>
        </h3>

        

        

        
    </div>


        </div>
    
        <div id="user_myviews_page_container" class="d-none"><div id="user_myviews_pagination" class="pagination-wrapper center"><div class="lead text-small results float-right">2 résultats</div></div></div>
    
    
    
    
    </div>


        
    </div>
</div>
</div><div id="user_block_131970"><div class="bt-inbox gridstackblock card card-secondary clearfix" id="user_blockinstance_131970">
    
    
    
        <h2 class="title card-header js-heading">
            

            <span class="collapse-inline">
                Sujets que je suis
                
            </span>

            

        </h2>
    

    <div class="block" id="user_blockinstance_131970_target">
        
        
            
    <div class="card-body">
        <p class="lead text-small">Pas de messages</p>
    </div>


        
    </div>
</div>
</div></div></div></content>
        <rdf:type rdf:resource="leap2:selection"/>



        <category term="Webpage" scheme="categories:selection_type#"/>





        <mahara:view mahara:newlayout="1" mahara:type="dashboard" mahara:ownerformat="6">
        
            
            <mahara:blockinstance mahara:blocktype="newviews" mahara:blocktitle="" mahara:positionx="0" mahara:positiony="0" mahara:height="1" mahara:width="6">
                
                    
                    <mahara:limit>[5]</mahara:limit>
                    
                
                    
                    <mahara:user>[1]</mahara:user>
                    
                
                    
                    <mahara:friend>[1]</mahara:friend>
                    
                
                    
                    <mahara:group>[1]</mahara:group>
                    
                
                
                
            </mahara:blockinstance>
            
            <mahara:blockinstance mahara:blocktype="inbox" mahara:blocktitle="" mahara:positionx="6" mahara:positiony="0" mahara:height="1" mahara:width="6">
                
                    
                    <mahara:feedback>[true]</mahara:feedback>
                    
                
                    
                    <mahara:groupmessage>[true]</mahara:groupmessage>
                    
                
                    
                    <mahara:institutionmessage>[true]</mahara:institutionmessage>
                    
                
                    
                    <mahara:maharamessage>[true]</mahara:maharamessage>
                    
                
                    
                    <mahara:usermessage>[true]</mahara:usermessage>
                    
                
                    
                    <mahara:viewaccess>[true]</mahara:viewaccess>
                    
                
                    
                    <mahara:watchlist>[true]</mahara:watchlist>
                    
                
                    
                    <mahara:maxitems>[&quot;5&quot;]</mahara:maxitems>
                    
                
                    
                    <mahara:wallpost>[true]</mahara:wallpost>
                    
                
                
                
            </mahara:blockinstance>
            
            <mahara:blockinstance mahara:blocktype="myviews" mahara:blocktitle="" mahara:positionx="0" mahara:positiony="1" mahara:height="1" mahara:width="6">
                
                
                
            </mahara:blockinstance>
            
            <mahara:blockinstance mahara:blocktype="inbox" mahara:blocktitle="" mahara:positionx="6" mahara:positiony="1" mahara:height="1" mahara:width="6">
                
                    
                    <mahara:newpost>[true]</mahara:newpost>
                    
                
                    
                    <mahara:maxitems>[&quot;5&quot;]</mahara:maxitems>
                    
                
                
                
            </mahara:blockinstance>
            
        
        </mahara:view>
    </entry>

    <entry>
        <title>Découverte de Mahara</title>
        <id>portfolio:view30800</id>

        <updated>2022-09-20T16:04:56+02:00</updated>
        <published>2022-09-20T16:04:33+02:00</published>

        <summary type="xhtml"><div xmlns="http://www.w3.org/1999/xhtml"><div>Mes premiers pas sur Mahara - première séance de la SEA 14</div></div></summary>

   <subtitle type="xhtml"><div xmlns="http://www.w3.org/1999/xhtml"><div></div></div></subtitle>
        <content type="xhtml"><div xmlns="http://www.w3.org/1999/xhtml"><div><div id="user_block_132025"><div class="bt-text gridstackblock card card-secondary clearfix" id="user_blockinstance_132025">
    
    
        <div class="block-header quick-edit d-none">
    <a class="modal_link list-group-heading" href="#" title="Édition rapide">
        <span class="icon icon-pencil-alt" title="Édition rapide"></span>
        Édition rapide
    </a>
</div>

    
    
        <h2 class="title card-header js-heading">
            

            <span class="collapse-inline">
                Présentation
                
            </span>

            

        </h2>
    

    <div class="block" id="user_blockinstance_132025_target">
        
        
            

<div class="textblock card-body flush">
<p>Ceci est mon premier blog de la page "<strong><em>Découverte de Mahara</em>..</strong>."</p>
<ol>
<li>item 1</li>
<li>item 2</li>
<li>item 3</li>
</ol>
</div>


        
    </div>
</div>
</div><div id="user_block_132047"><div class="bt-image gridstackblock card card-secondary clearfix" id="user_blockinstance_132047">
    
        <div class="block-header d-none">
    
        <a class="commentlink" href="#" title="">
        
            
                <span class="icon icon-plus" title="Commentaires et les détails"></span>
                Ajouter un commentaire
                <span class="bh-margin-left icon icon-search-plus"></span>
                Détails
            
        
        </a>
    
</div>

    
    
    
        <h2 class="title card-header js-heading">
            

            <span class="collapse-inline">
                Bloc image
                
            </span>

            

        </h2>
    

    <div class="block" id="user_blockinstance_132047_target">
        
        
            <div class="imageblock card-body">
    <div class="image">
        
        <a class="modal_link" href="#">
            <img rel="leap2:has_part" href="portfolio:artefact86423" alt="SAE.jpeg" title="SAE.jpeg" />
        </a>
        
    </div>

    
</div>

        
    </div>
</div>
</div><div id="user_block_132101"><div class="bt-externalvideo gridstackblock card card-secondary card-brand clearfix" id="user_blockinstance_132101">
    
    
    
        <h2 class="title card-header js-heading">
            

            <span class="collapse-inline">
                Tutoriel Mahara
                
            </span>

            

        </h2>
    

    <div class="block" id="user_blockinstance_132101_target">
        
        
            <div class="mediaplayer-container text-center card-body">
  <div id="user_vid_132101" class="mediaplayer" style="margin:0 auto;">
    <iframe class="externalvideoiframe" width="560" height="349" src="https://www.youtube.com/embed/rkp0i5Vsq3s?start=" allowfullscreen="1"></iframe>
    
  </div>
</div>

        
    </div>
</div>
</div></div></div></content>
        <rdf:type rdf:resource="leap2:selection"/>

        <link rel="leap2:has_part" href="portfolio:artefact86423"/>


        <category term="Webpage" scheme="categories:selection_type#"/>





        <mahara:view mahara:newlayout="1" mahara:type="portfolio" mahara:ownerformat="6">
        
            
            <mahara:blockinstance mahara:blocktype="text" mahara:blocktitle="Présentation" mahara:positionx="0" mahara:positiony="0" mahara:height="16" mahara:width="4">
                
                    
                    <mahara:text>[&quot;&lt;p&gt;Ceci est mon premier blog de la page \&quot;&lt;strong&gt;&lt;em&gt;D&amp;eacute;couverte de Mahara&lt;\/em&gt;..&lt;\/strong&gt;.\&quot;&lt;\/p&gt;\r\n&lt;ol&gt;\r\n&lt;li&gt;item 1&lt;\/li&gt;\r\n&lt;li&gt;item 2&lt;\/li&gt;\r\n&lt;li&gt;item 3&lt;\/li&gt;\r\n&lt;\/ol&gt;&quot;]</mahara:text>
                    
                
                    
                    <mahara:instructions></mahara:instructions>
                    
                
                
                
            </mahara:blockinstance>
            
            <mahara:blockinstance mahara:blocktype="image" mahara:blocktitle="Bloc image" mahara:positionx="4" mahara:positiony="0" mahara:height="27" mahara:width="4">
                
                    
                    <mahara:artefactid>[&quot;portfolio:artefact86423&quot;]</mahara:artefactid>
                    
                
                    
                    <mahara:showdescription>[false]</mahara:showdescription>
                    
                
                    
                    <mahara:width>[&quot;&quot;]</mahara:width>
                    
                
                    
                    <mahara:retractable>[0]</mahara:retractable>
                    
                
                    
                    <mahara:retractedonload>[0]</mahara:retractedonload>
                    
                
                
                
            </mahara:blockinstance>
            
            <mahara:blockinstance mahara:blocktype="externalvideo" mahara:blocktitle="Tutoriel Mahara" mahara:positionx="0" mahara:positiony="27" mahara:height="3" mahara:width="4">
                
                    
                    <mahara:videoid>[&quot;&lt;iframe class=\&quot;externalvideoiframe\&quot; width=\&quot;560\&quot; height=\&quot;349\&quot; src=\&quot;https:\/\/www.youtube.com\/embed\/rkp0i5Vsq3s?start=\&quot; allowfullscreen=\&quot;1\&quot;&gt;&lt;\/iframe&gt;&quot;]</mahara:videoid>
                    
                
                    
                    <mahara:width>[560]</mahara:width>
                    
                
                    
                    <mahara:height>[349]</mahara:height>
                    
                
                    
                    <mahara:tags>[null]</mahara:tags>
                    
                
                    
                    <mahara:retractable>[0]</mahara:retractable>
                    
                
                    
                    <mahara:retractedonload>[0]</mahara:retractedonload>
                    
                
                    
                    <mahara:html>[&quot;&lt;iframe class=\&quot;externalvideoiframe\&quot; width=\&quot;560\&quot; height=\&quot;349\&quot; src=\&quot;https:\/\/www.youtube.com\/embed\/rkp0i5Vsq3s?start=\&quot; allowfullscreen=\&quot;1\&quot;&gt;&lt;\/iframe&gt;&quot;]</mahara:html>
                    
                
                
                
            </mahara:blockinstance>
            
        
        </mahara:view>
    </entry>

    <entry>
        <title>Mes premiers pas</title>
        <id>portfolio:view30827</id>

        <updated>2022-09-20T17:05:50+02:00</updated>
        <published>2022-09-20T17:05:18+02:00</published>

        <summary type="xhtml"><div xmlns="http://www.w3.org/1999/xhtml"><div></div></div></summary>

   <subtitle type="xhtml"><div xmlns="http://www.w3.org/1999/xhtml"><div></div></div></subtitle>
        <content type="xhtml"><div xmlns="http://www.w3.org/1999/xhtml"><div><div id="user_block_132215"><div class="bt-text gridstackblock card card-secondary clearfix" id="user_blockinstance_132215">
    
    
        <div class="block-header quick-edit d-none">
    <a class="modal_link list-group-heading" href="#" title="Édition rapide">
        <span class="icon icon-pencil-alt" title="Édition rapide"></span>
        Édition rapide
    </a>
</div>

    
    
        <h2 class="title card-header js-heading">
            

            <span class="collapse-inline">
                Fiche technique
                
            </span>

            

        </h2>
    

    <div class="block" id="user_blockinstance_132215_target">
        
        
            

<div class="textblock card-body flush">
<pre class="sizeC">Dimensions<br />Nombre de places : 5</pre>
<div class="DimIllus DimIllusLeft MOYENNE_BERLINE">
<div id="user_DimLongueur" class="DimLegende">4,39 m</div>
<div id="user_DimLongueurLine"></div>
<div id="user_DimHauteur" class="DimLegende">1,44 <span class="clearPhone">m</span></div>
<div id="user_DimHauteurLine"></div>
</div>
<div class="DimIllus DimIllusRight MOYENNE_BERLINE">
<div id="user_DimLargeur" class="DimLegende">1,85 m</div>
<div id="user_DimLargeurLine"></div>
</div>
<pre class="sizeC"><br />Consommation<br />Réservoir :55 L<br />Moteur<br />Nombre de cylindres : 5<br />Nombre de soupapes par cylindre : </pre>
<pre class="sizeC">Cylindrée : 2480 CC<br />Puissance din :400CH<br />Couple moteur : 500 Nm au régime de 2250 tr/min<br />Puissance fiscale : 28 CV<br />Vitesse maximum :250 km/h<br />Accéleration 0/100km/h :3.8 sec</pre>
<pre class="sizeC">Transmission : 4 roues motrices<br />Boite :Automatique<br />Nb. vitesses : 7</pre>
</div>


        
    </div>
</div>
</div><div id="user_block_132145"><div class="bt-image gridstackblock card card-secondary clearfix" id="user_blockinstance_132145">
    
        <div class="block-header d-none">
    
        <a class="commentlink" href="#" title="">
        
            
                <span class="icon icon-plus" title="Commentaires et les détails"></span>
                Ajouter un commentaire
                <span class="bh-margin-left icon icon-search-plus"></span>
                Détails
            
        
        </a>
    
</div>

    
    
    
        <h2 class="title card-header js-heading">
            

            <span class="collapse-inline">
                Audi RS3
                
            </span>

            

        </h2>
    

    <div class="block" id="user_blockinstance_132145_target">
        
        
            <div class="imageblock card-body">
    <div class="image">
        
        <a class="modal_link" href="#">
            <img rel="leap2:has_part" href="portfolio:artefact86443" alt="SAE.jpeg.1" title="SAE.jpeg.1" />
        </a>
        
    </div>

    
</div>

        
    </div>
</div>
</div><div id="user_block_132138"><div class="bt-text gridstackblock card card-secondary clearfix" id="user_blockinstance_132138">
    
    
        <div class="block-header quick-edit d-none">
    <a class="modal_link list-group-heading" href="#" title="Édition rapide">
        <span class="icon icon-pencil-alt" title="Édition rapide"></span>
        Édition rapide
    </a>
</div>

    
    
        <h2 class="title card-header js-heading">
            

            <span class="collapse-inline">
                Mon Profil
                
            </span>

            

        </h2>
    

    <div class="block" id="user_blockinstance_132138_target">
        
        
            

<div class="textblock card-body flush">
<p>Nom : AFANTROUSS</p>
<p>Prénom : Hamza</p>
<p>Surnom : Hmz</p>
<p>Age : 18 ans</p>
</div>


        
    </div>
</div>
</div><div id="user_block_132158"><div class="bt-externalvideo gridstackblock card card-secondary card-brand clearfix" id="user_blockinstance_132158">
    
    
    
        <h2 class="title card-header js-heading">
            

            <span class="collapse-inline">
                Présentation Audi RS3 2022
                
            </span>

            

        </h2>
    

    <div class="block" id="user_blockinstance_132158_target">
        
        
            <div class="mediaplayer-container text-center card-body">
  <div id="user_vid_132158" class="mediaplayer" style="margin:0 auto;">
    <iframe class="externalvideoiframe" width="560" height="349" src="https://www.youtube.com/embed/73nmzULMICQ?start=" allowfullscreen="1"></iframe>
    
  </div>
</div>

        
    </div>
</div>
</div></div></div></content>
        <rdf:type rdf:resource="leap2:selection"/>

        <link rel="leap2:has_part" href="portfolio:artefact86443"/>


        <category term="Webpage" scheme="categories:selection_type#"/>





        <mahara:view mahara:newlayout="1" mahara:type="portfolio" mahara:ownerformat="6">
        
            
            <mahara:blockinstance mahara:blocktype="text" mahara:blocktitle="Fiche technique" mahara:positionx="0" mahara:positiony="0" mahara:height="41" mahara:width="4">
                
                    
                    <mahara:text>[&quot;&lt;pre class=\&quot;sizeC\&quot;&gt;Dimensions&lt;br \/&gt;Nombre de places : 5&lt;\/pre&gt;\r\n&lt;div class=\&quot;DimIllus DimIllusLeft MOYENNE_BERLINE\&quot;&gt;\r\n&lt;div id=\&quot;user_DimLongueur\&quot; class=\&quot;DimLegende\&quot;&gt;4,39 m&lt;\/div&gt;\r\n&lt;div id=\&quot;user_DimLongueurLine\&quot;&gt;&lt;\/div&gt;\r\n&lt;div id=\&quot;user_DimHauteur\&quot; class=\&quot;DimLegende\&quot;&gt;1,44 &lt;span class=\&quot;clearPhone\&quot;&gt;m&lt;\/span&gt;&lt;\/div&gt;\r\n&lt;div id=\&quot;user_DimHauteurLine\&quot;&gt;&lt;\/div&gt;\r\n&lt;\/div&gt;\r\n&lt;div class=\&quot;DimIllus DimIllusRight MOYENNE_BERLINE\&quot;&gt;\r\n&lt;div id=\&quot;user_DimLargeur\&quot; class=\&quot;DimLegende\&quot;&gt;1,85 m&lt;\/div&gt;\r\n&lt;div id=\&quot;user_DimLargeurLine\&quot;&gt;&lt;\/div&gt;\r\n&lt;\/div&gt;\r\n&lt;pre class=\&quot;sizeC\&quot;&gt;&lt;br \/&gt;Consommation&lt;br \/&gt;R&amp;eacute;servoir :55 L&lt;br \/&gt;Moteur&lt;br \/&gt;Nombre de cylindres : 5&lt;br \/&gt;Nombre de soupapes par cylindre : &lt;\/pre&gt;\r\n&lt;pre class=\&quot;sizeC\&quot;&gt;Cylindr&amp;eacute;e : 2480 CC&lt;br \/&gt;Puissance din :400CH&lt;br \/&gt;Couple moteur : 500 Nm au r&amp;eacute;gime de 2250 tr\/min&lt;br \/&gt;Puissance fiscale : 28 CV&lt;br \/&gt;Vitesse maximum :250 km\/h&lt;br \/&gt;Acc&amp;eacute;leration 0\/100km\/h&amp;nbsp;:3.8 sec&lt;\/pre&gt;\r\n&lt;pre class=\&quot;sizeC\&quot;&gt;Transmission : 4 roues motrices&lt;br \/&gt;Boite :Automatique&lt;br \/&gt;Nb. vitesses : 7&lt;\/pre&gt;&quot;]</mahara:text>
                    
                
                    
                    <mahara:instructions></mahara:instructions>
                    
                
                
                
            </mahara:blockinstance>
            
            <mahara:blockinstance mahara:blocktype="image" mahara:blocktitle="Audi RS3" mahara:positionx="4" mahara:positiony="0" mahara:height="32" mahara:width="5">
                
                    
                    <mahara:artefactid>[&quot;portfolio:artefact86443&quot;]</mahara:artefactid>
                    
                
                    
                    <mahara:showdescription>[false]</mahara:showdescription>
                    
                
                    
                    <mahara:width>[&quot;&quot;]</mahara:width>
                    
                
                    
                    <mahara:retractable>[0]</mahara:retractable>
                    
                
                    
                    <mahara:retractedonload>[0]</mahara:retractedonload>
                    
                
                
                
            </mahara:blockinstance>
            
            <mahara:blockinstance mahara:blocktype="text" mahara:blocktitle="Mon Profil" mahara:positionx="9" mahara:positiony="0" mahara:height="15" mahara:width="3">
                
                    
                    <mahara:text>[&quot;&lt;p&gt;Nom : AFANTROUSS&lt;\/p&gt;\r\n&lt;p&gt;Pr&amp;eacute;nom : Hamza&lt;\/p&gt;\r\n&lt;p&gt;Surnom : Hmz&lt;\/p&gt;\r\n&lt;p&gt;Age : 18 ans&lt;\/p&gt;&quot;]</mahara:text>
                    
                
                    
                    <mahara:instructions></mahara:instructions>
                    
                
                
                
            </mahara:blockinstance>
            
            <mahara:blockinstance mahara:blocktype="externalvideo" mahara:blocktitle="Présentation Audi RS3 2022" mahara:positionx="4" mahara:positiony="32" mahara:height="31" mahara:width="6">
                
                    
                    <mahara:videoid>[&quot;&lt;iframe class=\&quot;externalvideoiframe\&quot; width=\&quot;560\&quot; height=\&quot;349\&quot; src=\&quot;https:\/\/www.youtube.com\/embed\/73nmzULMICQ?start=\&quot; allowfullscreen=\&quot;1\&quot;&gt;&lt;\/iframe&gt;&quot;]</mahara:videoid>
                    
                
                    
                    <mahara:width>[560]</mahara:width>
                    
                
                    
                    <mahara:height>[349]</mahara:height>
                    
                
                    
                    <mahara:tags>[null]</mahara:tags>
                    
                
                    
                    <mahara:retractable>[0]</mahara:retractable>
                    
                
                    
                    <mahara:retractedonload>[0]</mahara:retractedonload>
                    
                
                    
                    <mahara:html>[&quot;&lt;iframe class=\&quot;externalvideoiframe\&quot; width=\&quot;560\&quot; height=\&quot;349\&quot; src=\&quot;https:\/\/www.youtube.com\/embed\/73nmzULMICQ?start=\&quot; allowfullscreen=\&quot;1\&quot;&gt;&lt;\/iframe&gt;&quot;]</mahara:html>
                    
                
                
                
            </mahara:blockinstance>
            
        
        </mahara:view>
    </entry>

    <entry>
        <title>Journal de Hamza Afantrouss</title>
        <id>portfolio:artefact86374</id>

        <updated>2022-09-20T16:04:15+02:00</updated>
        <published>2022-09-20T16:04:15+02:00</published>




        <content type="xhtml"><div xmlns="http://www.w3.org/1999/xhtml"><div></div></div></content>
        <rdf:type rdf:resource="leap2:selection"/>
        <mahara:artefactplugin mahara:type="blog" mahara:plugin="blog"/>


        <category term="Blog" scheme="categories:selection_type#"/>




    </entry>


    <entry>
        <title>Images de couverture</title>
        <id>portfolio:artefact86393</id>

        <updated>2022-09-20T16:04:33+02:00</updated>
        <published>2022-09-20T16:04:33+02:00</published>




        <content></content>
        <rdf:type rdf:resource="leap2:selection"/>
        <mahara:artefactplugin mahara:type="folder" mahara:plugin="file"/>


        <category term="Folder" scheme="categories:selection_type#"/>




    </entry>


    <entry>
        <title>Image SAE.png</title>
        <id>portfolio:artefact86415</id>

        <updated>2022-09-20T16:04:59+02:00</updated>
        <published>2022-09-20T16:04:59+02:00</published>




        <content type="xhtml"><div xmlns="http://www.w3.org/1999/xhtml"><div></div></div></content>
        <rdf:type rdf:resource="leap2:resource"/>
        <mahara:artefactplugin mahara:type="image" mahara:plugin="file"/>
        <link rel="enclosure" type="image/png" href="export_info/files/86415-Image SAE.png"/>


        <category term="Offline" scheme="categories:resource_type#" label="File"/>




    </entry>


    <entry>
        <title>SAE.jpeg</title>
        <id>portfolio:artefact86423</id>

        <updated>2022-09-20T16:04:21+02:00</updated>
        <published>2022-09-20T16:04:21+02:00</published>




        <content type="xhtml"><div xmlns="http://www.w3.org/1999/xhtml"><div></div></div></content>
        <rdf:type rdf:resource="leap2:resource"/>
        <mahara:artefactplugin mahara:type="image" mahara:plugin="file"/>
        <link rel="enclosure" type="image/jpeg" href="export_info/files/86423-SAE.jpeg"/>
        <link rel="leap2:is_part_of" href="portfolio:view30800"/>


        <category term="Offline" scheme="categories:resource_type#" label="File"/>




    </entry>


    <entry>
        <title>SAE.jpeg.1</title>
        <id>portfolio:artefact86443</id>

        <updated>2022-09-20T17:05:26+02:00</updated>
        <published>2022-09-20T17:05:26+02:00</published>




        <content type="xhtml"><div xmlns="http://www.w3.org/1999/xhtml"><div></div></div></content>
        <rdf:type rdf:resource="leap2:resource"/>
        <mahara:artefactplugin mahara:type="image" mahara:plugin="file"/>
        <link rel="enclosure" type="image/jpeg" href="export_info/files/86443-SAE.jpeg.1"/>
        <link rel="leap2:is_part_of" href="portfolio:view30827"/>


        <category term="Offline" scheme="categories:resource_type#" label="File"/>




    </entry>


    <entry>
        <title>Hamza Afantrouss</title>
        <id>portfolio:artefactinternal</id>

        <updated>2022-09-20T16:04:15+02:00</updated>





        <content></content>
        <rdf:type rdf:resource="leap2:person"/>
        <mahara:artefactplugin mahara:type="internal" mahara:plugin="internal"/>


        <category term="Self" scheme="categories:person_type#"/>






        <leap2:persondata
            mahara:artefactplugin="internal"
            mahara:artefacttype="email"

            leap2:field="email"

            leap2:label="Adresse de courriel"

        >hamza.afantrouss@etu.u-pec.fr</leap2:persondata>

        <leap2:persondata
            mahara:artefactplugin="internal"
            mahara:artefacttype="firstname"

            leap2:field="legal_given_name"

            leap2:label="Prénom"

        >Hamza</leap2:persondata>

        <leap2:persondata
            mahara:artefactplugin="internal"
            mahara:artefacttype="lastname"

            leap2:field="legal_family_name"

            leap2:label="Nom"

        >AFANTROUSS</leap2:persondata>

        <leap2:persondata
            mahara:artefactplugin="internal"
            mahara:artefacttype="preferredname"

            leap2:field="preferred_given_name"

            leap2:label="Nom préféré"

        >Hamza Afantrouss</leap2:persondata>

        <leap2:persondata
            mahara:artefactplugin="internal"
            mahara:artefacttype="studentid"

            leap2:field="other"

            leap2:label="Identifiant étudiant"

        >u32206716</leap2:persondata>


    </entry>

</feed>
